item_id,image_name,image_path
1,image_6414,image_6414.jpg
2,image_5204,image_5204.jpg
3,image_1290,image_1290.jpg
4,image_2770,image_2770.png
5,image_2495,image_2495.jpg
6,image_5314,image_5314.jpg
7,image_3133,image_3133.jpg
8,image_3666,image_3666.jpg
9,image_5576,image_5576.jpg
10,image_4527,image_4527.jpg
11,image_3492,image_3492.png
12,image_3969,image_3969.jpeg
13,image_6587,image_6587.jpg
14,image_3382,image_3382.jpg
15,image_6824,image_6824.jpeg
16,image_66,image_66.jpg
17,image_92,image_92.jpg
18,image_3604,image_3604.jpeg
19,image_1518,image_1518.png
20,image_4881,image_4881.jpg
21,image_5289,image_5289.jpg
22,image_3565,image_3565.jpg
23,image_1219,image_1219.jpg
24,image_3994,image_3994.jpg
25,image_4370,image_4370.jpg
26,image_6893,image_6893.jpg
27,image_4617,image_4617.jpg
28,image_342,image_342.png
29,image_1296,image_1296.jpg
30,image_45,image_45.jpeg
31,image_3424,image_3424.png
32,image_6405,image_6405.jpg
33,image_162,image_162.jpg
34,image_5397,image_5397.jpg
35,image_1217,image_1217.jpg
36,image_4602,image_4602.jpeg
37,image_6773,image_6773.jpg
38,image_4266,image_4266.jpg
39,image_6991,image_6991.jpg
40,image_3835,image_3835.jpg
41,image_5073,image_5073.jpg
42,image_5746,image_5746.jpg
43,image_21,image_21.jpg
44,image_1143,image_1143.png
45,image_6,image_6.jpg
46,image_5593,image_5593.jpg
47,image_6846,image_6846.jpg
48,image_319,image_319.png
49,image_2503,image_2503.jpg
50,image_6985,image_6985.jpg
51,image_1449,image_1449.jpeg
52,image_3180,image_3180.jpg
53,image_1327,image_1327.jpg
54,image_2938,image_2938.jpg
55,image_6161,image_6161.jpg
56,image_2592,image_2592.jpg
57,image_4522,image_4522.jpg
58,image_5200,image_5200.jpg
59,image_1494,image_1494.png
60,image_6066,image_6066.jpg
61,image_5781,image_5781.jpg
62,image_174,image_174.jpg
63,image_4870,image_4870.jpg
64,image_5416,image_5416.jpg
65,image_4114,image_4114.jpg
66,image_1323,image_1323.jpg
67,image_900,image_900.jpg
68,image_1342,image_1342.jpg
69,image_4762,image_4762.jpg
70,image_6521,image_6521.png
71,image_2498,image_2498.jpg
72,image_6894,image_6894.jpg
73,image_4400,image_4400.jpg
74,image_2313,image_2313.jpg
75,image_175,image_175.jpg
76,image_2621,image_2621.png
77,image_6348,image_6348.jpg
78,image_462,image_462.jpeg
79,image_3486,image_3486.png
80,image_3810,image_3810.jpg
81,image_6719,image_6719.png
82,image_4635,image_4635.jpg
83,image_6176,image_6176.jpg
84,image_182,image_182.jpg
85,image_5594,image_5594.jpg
86,image_1302,image_1302.jpeg
87,image_5951,image_5951.jpg
88,image_5271,image_5271.png
89,image_6209,image_6209.jpg
90,image_6111,image_6111.png
91,image_12,image_12.jpg
92,image_31,image_31.jpg
93,image_2743,image_2743.JPG
94,image_1167,image_1167.jpeg
95,image_5616,image_5616.jpg
96,image_1313,image_1313.jpg
97,image_4159,image_4159.jpg
98,image_6722,image_6722.jpg
99,image_5850,image_5850.jpg
100,image_5319,image_5319.jpg
101,image_1196,image_1196.jpg
102,image_5137,image_5137.jpg
103,image_5012,image_5012.jpg
104,image_6806,image_6806.jpg
105,image_5299,image_5299.jpg
106,image_1291,image_1291.jpg
107,image_4463,image_4463.jpeg
108,image_5708,image_5708.jpg
109,image_4334,image_4334.jpg
110,image_5659,image_5659.jpg
111,image_3808,image_3808.jpg
112,image_4188,image_4188.jpg
113,image_4910,image_4910.jpg
114,image_1306,image_1306.jpg
115,image_5947,image_5947.png
116,image_101,image_101.jpg
117,image_3422,image_3422.png
118,image_6781,image_6781.jpg
119,image_324,image_324.jpg
120,image_1268,image_1268.jpg
121,image_4,image_4.png
122,image_4331,image_4331.jpg
123,image_3494,image_3494.jpg
124,image_4171,image_4171.jpg
125,image_3474,image_3474.jpg
126,image_2488,image_2488.jpg
127,image_708,image_708.png
128,image_7,image_7.png
129,image_4906,image_4906.jpeg
130,image_161,image_161.jpg
131,image_5396,image_5396.png
132,image_5687,image_5687.jpg
133,image_6464,image_6464.png
134,image_4313,image_4313.jpg
135,image_6163,image_6163.jpg
136,image_2,image_2.jpeg
137,image_5195,image_5195.jpg
138,image_4105,image_4105.jpeg
139,image_6262,image_6262.jpg
140,image_2174,image_2174.jpg
141,image_6547,image_6547.png
142,image_6921,image_6921.jpg
143,image_299,image_299.jpg
144,image_311,image_311.jpg
145,image_5562,image_5562.jpg
146,image_2960,image_2960.png
147,image_5397,image_5397.jpg
148,image_3843,image_3843.jpg
149,image_6986,image_6986.jpg
150,image_5443,image_5443.jpg
151,image_5120,image_5120.jpg
152,image_4526,image_4526.jpg
153,image_6401,image_6401.jpg
154,image_6004,image_6004.jpg
155,image_2957,image_2957.jpg
156,image_4977,image_4977.jpg
157,image_6387,image_6387.png
158,image_1314,image_1314.jpg
159,image_1551,image_1551.png
160,image_877,image_877.png
161,image_98,image_98.jpg
162,image_4176,image_4176.jpg
163,image_2516,image_2516.jpg
164,image_4099,image_4099.jpg
165,image_5211,image_5211.jpeg
166,image_253,image_253.jpg
167,image_4627,image_4627.jpg
168,image_1391,image_1391.png
169,image_994,image_994.jpg
170,image_2656,image_2656.jpg
171,image_6409,image_6409.jpg
172,image_6339,image_6339.jpg
173,image_1331,image_1331.jpg
174,image_1299,image_1299.jpg
175,image_3082,image_3082.jpeg
176,image_403,image_403.jpg
177,image_2936,image_2936.jpeg
178,image_316,image_316.jpg
179,image_2577,image_2577.jpg
180,image_5950,image_5950.jpg
181,image_5392,image_5392.png
182,image_6992,image_6992.jpg
183,image_713,image_713.png
184,image_982,image_982.jpg
185,image_5258,image_5258.jpg
186,image_5399,image_5399.png
187,image_3483,image_3483.jpg
188,image_5780,image_5780.jpg
189,image_4967,image_4967.jpg
190,image_5668,image_5668.jpg
191,image_1311,image_1311.jpg
192,image_5575,image_5575.jpeg
193,image_3586,image_3586.png
194,image_5800,image_5800.jpg
195,image_2260,image_2260.png
196,image_5208,image_5208.jpg
197,image_3524,image_3524.jpg
198,image_1352,image_1352.jpg
199,image_200,image_200.jpg
200,image_5864,image_5864.jpg
201,image_4100,image_4100.jpg
202,image_1266,image_1266.jpg
203,image_3723,image_3723.jpg
204,image_5173,image_5173.jpg
205,image_743,image_743.jpg
206,image_5762,image_5762.jpg
207,image_4347,image_4347.jpeg
208,image_4148,image_4148.jpg
209,image_4562,image_4562.jpg
210,image_3461,image_3461.jpg
211,image_5857,image_5857.jpg
212,image_3275,image_3275.jpg
213,image_640,image_640.jpg
214,image_1481,image_1481.jpg
215,image_1769,image_1769.png
216,image_163,image_163.jpeg
217,image_56,image_56.jpg
218,image_6948,image_6948.jpg
219,image_113,image_113.jpeg
220,image_5410,image_5410.png
